,Unnamed: 0,ZoneID,Zonname,District,Area,poptotalD,less14D,less64D,more64D,localpopD,ParkD,IndustrialD,TransportationD,ResidenceD,CommercialD,PublicD,POID,Diversity,PGDP,Aprice,RoadDensity,Residential ratio,Commercial ratio,Industrial ratio,Distance to city center
0,0,0,双水碾街道,成华区,4.24055,14232.11612,1746.471566,11637.16971,848.4748440999999,4030.845055,0.235818467,0.471636934,5.659643207,31.3638561,179.6936718,33.01458537,244.0721133,0.701789532,10.24434408,14124,6.9626012610000005,0.1285024154375607,0.7362318839724653,0.0019323671501147,7505
1,1,1,二仙桥街道,成华区,3.79225,15260.597269999998,958.5338519,13047.3993,1254.664118,8317.225921,1.318478476,1.582174171,3.955435428,10.02043642,84.11892676,17.66761158,111.8069748,0.856458753,10.24434408,14448,3.0074235660000004,0.0896226415026837,0.7523584902504669,0.0141509433899825,10236
2,2,2,猛追湾街道,成华区,2.40604,29137.91957,2072.700371,22868.69711,4196.522086,17732.04103,0.8312413759999999,0.4156206879999999,12.05299995,89.77406859,551.9442736000001,96.00837891,737.7267211,0.665133028,10.24434408,14566,9.517144859,0.1216901408371664,0.7481690140991697,0.0005633802817665,5868
3,3,3,青龙街道,成华区,22.5797,7284.374903,933.2276337,5954.064934,397.082335,2330.943281,0.177150272,1.550064881,4.915920052,5.801671412999999,93.44676856,9.300389288,108.5488293,0.728466508,10.24434408,14881,4.273801361,0.0534475724004883,0.8608731127052329,0.0142798857527614,11812
4,4,4,双桥子街道,成华区,1.32241,58636.12647,4522.046869,44640.46703,9473.612571,41861.44993,0.7561951290000001,0.0,9.074341543,82.42526902,522.5308339,89.23102517,694.187128,0.7149958040000001,10.24434408,14543,8.313304897,0.1187363834553843,0.7527233116601377,0.0,5309
5,5,5,建设路街道,成华区,2.6836900000000004,23831.36651,1853.418241,18858.362930000003,3119.585347,13952.431169999998,0.7452425579999999,0.0,8.942910694,34.28115766,336.4770149,51.42173649,422.179909,0.71807605,10.24434408,20147,7.234322811,0.0812003530466439,0.7969991175018231,0.0,7748
6,6,6,府青路街道,成华区,3.62049,12383.40667,1232.70607,9788.177843,1362.522752,6726.437582,0.2762057069999999,1.104822828,8.838582622999999,34.80191908,207.4304859,32.03986201,274.272267,0.7265866059999999,10.24434408,17474,9.518404455,0.126888217538961,0.7562940583416697,0.0040281973824207,7106
7,7,7,新鸿路街道,成华区,1.36516,45172.72701,3549.76706,35820.70966,5802.250286,28638.401360000003,2.93005948,0.73251487,13.18526766,65.9263383,454.89173430000005,87.90178441,608.719857,0.726686042,10.24434408,16204,9.681206808,0.1083032490921353,0.7472924187850176,0.001203369434357,6064
8,8,8,龙潭街道,成华区,36.5826,1852.738734,247.82273540000003,1456.867473,148.04852580000002,1314.969412,0.3006893989999999,0.738055797,3.5536019860000003,2.296173591,14.73378054,4.619682581,21.64963671,0.933972833,10.24434408,12635,4.386701337,0.1060606060858007,0.6805555556132933,0.0340909090940584,17626
9,9,9,桃蹊路街道,成华区,2.8545700000000003,31215.559610000004,3668.153172,24610.71195,2936.694493,18413.28116,0.350315459,0.700630918,12.61135653,79.52160921,373.0859639,63.40709809,516.0146712000001,0.69314253,10.24434408,15634,6.078612274,0.1541072640920679,0.723014256614803,0.0013577732516222,7726
10,10,10,万年场街道,成华区,5.48878,13931.51119,1451.688718,11383.03958,1096.782892,7027.60905,1.4575187930000002,0.364379698,7.469783813999999,24.59562963,91.2771144,18.94774431,134.82048830000002,0.828720377,10.24434408,19803,4.131245989,0.1824324324895654,0.67702702720444,0.0027027027019008,8550
11,11,11,跳蹬河街道,成华区,3.86175,9772.253512,938.9525474,7699.359098999999,1133.941866,5348.870331,1.035799832,1.553699748,7.250598822000001,17.34964718,93.99883473,19.42124684,130.7697287,0.862460828,10.24434408,17383,6.233139031,0.1326732673721606,0.7188118814992999,0.0118811881269889,7804
12,12,12,保和街道,成华区,10.5814,4752.301208,579.4129321,3917.534542,255.3537339,1862.04094,0.378021812,1.228570889,6.142854442999999,7.087908972,34.77800669,8.883512579,50.74942824,0.910515305,10.24434408,17050,8.416163427,0.1396648044679527,0.6852886406036088,0.0242085661180249,10865
13,13,13,圣灯街道,成华区,6.417009999999999,2586.874572,328.8135752,2065.915434,192.1455631,1726.349188,0.311671635,0.935014906,2.181701447,2.181701447,9.661820692,4.675074528000001,16.51859667,0.971375074,10.24434408,15236,3.589032605,0.1320754716992554,0.5849056602699896,0.0566037735940434,10217
14,14,14,凤凰山街道,金牛区,6.69543,742.8947805,123.5170855,581.7400824,37.63761252,152.34271730000003,0.29871121,0.149355605,2.0909784730000003,0.597422421,2.389689684,1.045489237,4.032601342,0.8693881729999999,12.48922896,16824,5.6352552110000005,0.1481481481389637,0.5925925925558551,0.0370370369727462,12954
15,15,15,人民北路街道,金牛区,2.6541,29048.26495,2409.856449,22406.84224,4231.566256,18053.20071,1.507102219,0.376775555,5.651633322,50.48792434,591.9143966,98.3384198,740.7407407000001,0.605159534,12.48922896,15653,5.418206098,0.0681586978627487,0.7990844354539496,0.0005086469992779,3674
16,16,16,天回镇街道,金牛区,33.167,2567.612386,261.4647089,2122.4108300000003,183.7368469,1156.601441,0.090451352,1.59797389,2.080381102,1.1758675790000002,23.00479392,5.879337896,30.0599994,0.847003175,12.48922896,11445,4.067274712,0.0391173520449238,0.765295887530856,0.0531594784396436,15325
17,17,17,驷马桥街道,金牛区,2.5806,45043.40076,3926.993722,36130.35728,4986.049756,24944.19902,1.550027125,1.937533907,11.23769666,60.45105789,531.2717973,60.83856467,652.5614198,0.6652377429999999,12.48922896,14679,7.2025127410000005,0.0926365795705901,0.8141330167248113,0.0029691211404955,5196
18,18,18,黄忠街道,金牛区,1.18546,33042.86943,3618.84838,26419.280280000003,3004.740776,13830.0744,1.6871088019999998,0.0,14.34042481,45.55193764,124.0024969,30.36795843,199.922393,0.890386702,12.48922896,17087,2.649563907,0.2278481012379638,0.6202531644366621,0.0,8210
19,19,19,西安路街道,金牛区,2.07078,42023.29557,3172.717527,33693.10115,5157.476893,22850.80984,0.965819643,1.448729464,11.58983571,54.0859,585.2867036,147.2874955,786.6600991,0.665383001,12.48922896,15152,5.56440549,0.0687538367102621,0.7440147330080847,0.0018416206258045,3962
20,20,20,抚琴街道,金牛区,3.25976,32749.03674,2514.602302,26501.03075,3733.403686,18678.675730000003,1.227084203,2.7609394560000005,10.12344467,73.93182320000001,746.6807372000001,123.9355045,944.5480649,0.646607348,12.48922896,14164,8.765957317,0.0782721662849706,0.7905164013850917,0.0029230269571218,4986
21,21,21,茶店子街道,金牛区,3.92251,23500.5137,2470.356991,18820.60211,2209.554596,11933.17544,1.019755208,0.0,14.78645051,69.85323173,359.7186495,49.20318877,478.77507,0.76932119,12.48922896,15912,5.214243628,0.1458998935136702,0.7513312033978712,0.0,7268
22,22,22,金泉街道,金牛区,13.8618,6012.422629,742.7606804,4945.389488000001,324.272461,1905.01955,0.288562813,1.082110548,6.420522587000001,10.89324619,60.3096279,14.28385924,85.48673332,0.852649526,12.48922896,15520,4.890723718,0.1274261603753605,0.705485232126542,0.0126582278439552,13944
23,23,23,荷花池街道,金牛区,3.29055,19067.32917,1703.970461,15083.19278,2280.16593,8900.335809999999,0.607801127,3.646806765,9.117016912,39.50707329,749.1148896000001,49.83969245,838.4616553,0.533745751,12.48922896,15510,9.359161294,0.0471185212111631,0.89343965208757,0.0043494019576782,5122
24,24,24,五块石街道,金牛区,3.05648,16819.34775,2028.477203,13968.028580000002,822.841962,4476.391143,1.308694969,3.926084908,5.889127362000001,33.04454798,226.077056,22.57498822,281.6965922,0.7604632659999999,12.48922896,14206,3.921805648,0.1173054587630187,0.8025551684327404,0.0139372822274418,9135
25,25,25,沙河源街道,金牛区,9.6596,12808.70844,1718.911756,10514.20349,575.5931922999999,2896.496749,0.414095822,8.696012257000001,4.037434262,6.729057104,83.54383204,17.49554847,107.7684376,0.8323858759999999,12.48922896,12452,6.163355237,0.0624399615866751,0.7752161384215892,0.0806916426614317,12587
26,26,26,营门口街道,金牛区,3.21851,28230.76517,3073.161183,23642.92794,1514.676046,8495.235373,1.864216672,3.107027786,9.942488916,59.96563627,314.1205092,54.37298626,428.4591317,0.772381063,12.48922896,16837,7.68322724,0.1399564902073016,0.7331399565546941,0.0072516316169344,7141
27,27,27,西华街道,金牛区,11.4343,9759.757921,817.8900326,8620.204123,321.663766,1944.587775,0.262368488,4.985001268,4.197895805,4.460264293,61.48168231,11.19438881,77.13633541,0.8437378740000001,12.48922896,18045,2.4845204080000003,0.057823129259285,0.7970521542565979,0.0646258503402242,12369
28,28,28,九里堤街道,金牛区,5.85688,11695.98831,1189.7119289999998,9633.62746,872.6489188999999,6814.378987,1.7073936980000002,9.219925967,8.366229119,45.92889047,361.2845064,43.36779992,450.5811968,0.774440828,12.48922896,13535,7.661367605,0.1019325502177724,0.8018188707514213,0.0204622963241239,8036
29,29,29,书院街街道,锦江区,1.30233,36916.91046,2955.472115,29263.70428,4697.734061,23573.13431,1.535709075,0.0,16.12494529,122.856726,610.4443574000001,122.856726,856.1578095000001,0.76291761,15.52820447,21446,7.556203873999999,0.1434977578161073,0.7130044842509843,0.0,3828
30,30,30,督院街街道,锦江区,1.05635,24316.75108,2312.680456,19166.94277,2837.127846,14245.27855,0.946655938,0.0,11.35987125,85.19903441,522.5540777,77.62578691,685.378899,0.72297234,15.52820447,28374,12.28295754,0.1243093922709166,0.762430939240223,0.0,2265
31,31,31,牛市口街道,锦江区,1.05366,44360.60968,3404.323975,35504.8118,5451.47391,27624.660710000004,0.949072756,1.898145512,9.490727559,57.89343811,442.26790430000005,74.02767496,574.1890172999999,0.690180813,15.52820447,16873,9.662467643,0.10082644628459,0.7702479339985804,0.0033057851244275,4890
32,32,32,龙舟路街道,锦江区,1.60993,28113.02355,2392.650612,22762.48036,2957.892579,14951.58175,2.484580075,0.0,10.55946532,90.68717273,320.5108297,79.5065624,490.7045648,0.8142841820000001,15.52820447,18965,11.77395006,0.1848101265717021,0.6531645570296108,0.0,5632
33,33,33,春熙路街道,锦江区,0.790259,28112.30242,1814.594962,22710.276,3587.431462,15208.93783,2.530815846,0.0,15.18489508,70.8628437,1459.015335,169.5646617,1699.442841,0.580918525,15.52820447,13922,5.894438892999999,0.0416976917318986,0.8585256884200202,0.0,2404
34,34,34,莲新街道,锦江区,1.2393,48309.52957,4642.943597,38961.51053,4705.075446,29036.55289,0.0,0.0,17.75195675,104.0910191,600.338901,107.3186476,811.7485677,0.8455664690000001,15.52820447,18610,8.789437989,0.1282306162792875,0.7395626243000268,0.0,4853
35,35,35,沙河街道,锦江区,2.07997,6591.441223,547.6040519999999,5353.923374,689.9137967999999,3250.527652,0.480776165,0.0,7.692418641000001,6.250090146000001,21.63492743,13.46173262,41.34675019,0.927722995,15.52820447,18376,5.822057373,0.1511627907218601,0.5232558140744169,0.0,6808
36,36,36,三圣街道,锦江区,17.5448,1394.77224,182.9031964,1124.378733,87.49031052,854.7261867000001,0.68396334,0.170990835,3.020838083,1.652911404,25.19264967,5.072728102,31.91828918,0.8496454170000001,15.52820447,18504,4.42909417,0.0517857142868332,0.7892857141536808,0.0053571428604996,17287
37,37,37,盐市口街道,锦江区,0.6356350000000001,17637.480630000002,1061.930196,14697.11391,1878.436524,6780.620954000001,0.0,0.0,6.292919679,23.5984488,1384.442329,100.6867149,1508.727493,0.440410376,15.52820447,18994,10.15258471,0.0156412930164586,0.9176225232345522,0.0,1069
38,38,38,水井坊街道,锦江区,1.06086,25700.84648,1858.869219,20472.06983,3369.907434,15836.20836,1.8852629,1.8852629,8.48368305,99.9189337,381.7657372,92.3778821,574.062553,0.7349073909999999,15.52820447,19225,7.575347234,0.174055829243403,0.6650246305126961,0.0032840722498755,3464
39,39,39,双桂路街道,锦江区,2.6708,9129.848734,727.8717987000001,7488.018571,913.9583645,5223.90295,0.37441965,0.0,10.10933054,19.84424143,96.22584993,21.34192002,137.4120114,0.8575862320000001,15.52820447,25129,9.935857453,0.1444141689494256,0.7002724794551692,0.0,5985
40,40,40,合江亭街道,锦江区,1.17497,38375.44788,2579.640331,31362.50287,4433.304679999999,19425.17681,5.106513358,0.0,12.76628339,142.982374,545.5458437000001,89.36398376,777.8922014999999,0.7873115340000001,15.52820447,22208,8.839209043,0.1838074398024415,0.7013129102567563,0.0,2440
41,41,41,东光街道,锦江区,2.6651700000000003,24619.81787,2714.648597,19542.84342,2362.325855,13909.05646,3.0016846960000003,0.0,7.504211739,71.66522211,328.30926360000007,43.52442809,443.4989138,0.776995415,15.52820447,19765,4.086517156,0.1615905245312914,0.7402707275807539,0.0,7458
42,42,42,狮子山街道,锦江区,3.08805,20992.53574,1099.3992970000002,18776.57421,1116.562232,9763.766778,0.647657907,0.0,9.391039653,18.1344214,98.44400188,33.03055326,149.60897649999998,0.8761161709999999,15.52820447,19328,6.981228258,0.1212121212526308,0.6580086581903728,0.0,8902
43,43,43,成龙路街道,锦江区,13.5344,8404.509989,955.9345076,6851.061,597.5144816000001,3452.535761,0.960515427,0.295543208,8.570753044,16.40264807,60.06915711,16.77207708,93.24388226,0.857921293,15.52820447,16309,7.325694225,0.1759112520032475,0.6442155308645768,0.0031695721031425,9874
44,44,44,柳江街道,锦江区,9.90465,5274.997097,547.520609,4411.867153,315.609335,2035.407612,0.403850717,2.221178941,3.129843054,6.158723427999999,40.1831463,11.20685739,57.54872711,0.907098233,15.52820447,15056,3.888494447,0.1070175438672704,0.6982456140722796,0.0385964912265459,11506
45,45,45,黄土镇,龙泉驿区,31.1515,856.1064475,123.4932507,640.7075101,91.90568672,798.9984431,0.0,0.160505915,1.6692615119999998,0.064202366,0.642023659,1.155642585,1.86186861,0.6940985609999999,15.75114243,11496,1.6465556680000002,0.0344827586947717,0.3448275864106222,0.0862068967369292,27301
46,46,46,大面街道,龙泉驿区,61.7778,2098.957878,210.6905717,1762.2349780000002,126.0323288,975.4636779,0.145683401,0.485611336,3.285970041,1.732013765,16.30035385,3.739207288,21.7715749,0.874992247,15.75114243,13873,3.162106288,0.0795539033329187,0.7486988848932561,0.0223048327110226,16527
47,47,47,同安街道,龙泉驿区,59.8901,828.0500450000001,78.27671017,688.4777284,61.29560645,407.1123608,0.066789002,0.083486252,1.45266079,0.851559774,4.007340111,1.836697551,6.695597436,0.87363199,15.75114243,7621,1.141877617,0.1271820449391784,0.5985037406003333,0.0124688278825011,32892
48,48,48,洪安镇,龙泉驿区,20.5432,736.0586471,108.5517349,543.5375209,83.96939133,673.2641457999999,0.0,0.24338954,1.3143035159999998,0.0,6.668873398,0.8275244359999999,7.496397835,0.886278241,15.75114243,11496,0.830045516,0.0,0.8896103895211692,0.0324675324545392,32375
49,49,49,西河镇,龙泉驿区,43.8353,1312.640726,176.4331486,1023.74114,112.4664369,1015.688269,0.068437994,0.8440685929999999,1.80220051,0.296564641,5.497852188,2.09876515,7.893181978999999,0.8689301690000001,15.75114243,11723,2.5869408430000003,0.0375722543568636,0.696531791947426,0.1069364161684938,20722
50,50,50,柏合镇,龙泉驿区,72.3608,907.4526539,113.4177621,719.0080817,75.02681009999999,592.0470752,0.055278549,0.2487534689999999,2.252600856,0.442228389,3.952416225,1.368144078,5.762788692000001,0.8209476000000001,15.75114243,10023,1.606489873,0.0767386091414229,0.6858513189086405,0.0431654676745867,29370
51,51,51,茶店镇,龙泉驿区,57.6852,238.6747381,37.16724567,168.44875290000002,33.0587395,224.112944,0.0,0.0,1.196147365,0.0,0.6934187629999999,0.3813803189999999,1.074799082,0.641484244,15.75114243,11496,0.788619684,0.0,0.6451612907127511,0.0,43322
52,52,52,洛带镇,龙泉驿区,42.7096,683.265589,95.90349711,511.4540993,75.90799258,492.2780827,0.210725458,0.304381216,1.498492142,0.6555903120000001,26.12995673,2.083840635,28.86938768,0.701124778,15.75114243,20507,0.851954723,0.0227088402174243,0.9051094889727151,0.0105433900910502,34415
53,53,53,龙泉街道,龙泉驿区,53.4325,4657.315304,557.3574136,3722.378702,377.5791887,2574.163664,0.26201282,0.7111776540000001,6.157301267999999,7.355074159,49.10868853,11.62214008,68.08590277,0.8472819229999999,15.75114243,10235,2.294160196,0.1080263881327397,0.72127542607305,0.0104452996151408,23803
54,54,54,万兴乡,龙泉驿区,53.723,155.07324609999998,25.20335797,109.2269605,20.64292761,151.7227258,0.0,0.0,0.6328760489999999,0.0744560059999999,0.26059602,0.577034045,0.912086071,0.7131023790000001,15.75114243,11496,0.748011751,0.081632653284977,0.285714285401032,0.0,44373
55,55,55,山泉镇,龙泉驿区,35.0769,358.2984813,55.05047481,263.6207875,39.62721905,327.0528467,0.028508791,0.0,3.021931813,0.0855263719999999,1.796053813,0.598684604,2.48026479,0.4874887189999999,15.75114243,5478,1.553588027,0.0344827585928839,0.7241379308537457,0.0,31791
56,56,56,十陵街道,龙泉驿区,26.309,4190.467141,502.94576,3373.104261,314.41711960000004,2303.584325,0.2280588389999999,1.444372648,2.888745296,2.546657038,43.6732677,6.651716143,52.87164088,0.8165282509999999,15.75114243,11327,3.240937549,0.0481667864967538,0.8260244428411619,0.0273184759156277,14826
57,57,57,唐昌镇,郫都区,50.9683,918.0412139,105.7520066,695.5303591,116.7588481,852.5102857999999,0.039240077,0.412020805,1.29492253,0.176580345,2.7075652910000003,1.706943335,4.5910889710000005,0.860212387,8.045157869,9860,1.092554063,0.038461538453161,0.5897435898329491,0.0897435897240424,46262
58,58,58,古城镇,郫都区,17.3601,1504.426818,119.2389445,1268.36827,116.81960359999998,878.0479375,0.11520671,0.11520671,0.921653677,0.864050322,4.205044902,2.476944257,7.546039481,0.917861797,8.045157869,9860,2.569875324,0.1145038167605102,0.5572519084465151,0.0152671756210759,42576
59,59,59,友爱镇,郫都区,46.2368,854.1681085000001,99.12018133,648.9419682999999,106.10595890000002,793.0695896000001,0.043255589,0.194650149,1.016506333,0.454183681,2.119523842,0.95162295,3.525330473,0.908082119,8.045157869,5647,1.729466994,0.1288343559500386,0.6012269936770833,0.0552147239785879,34277
60,60,60,合作镇,郫都区,24.2247,5783.972557,247.7636462,5366.877608,169.3313023,1953.914806,0.247681086,0.123840543,3.178573935,1.362245972,7.925794747,3.880337011,13.16837773,0.8719254009999999,8.045157869,8909,4.866178795,0.1034482758568317,0.6018808777746081,0.009404388721161,23303
61,61,61,团结镇,郫都区,29.8506,2524.237369,169.5108306,2233.355443,121.3710947,1080.949797,0.100500492,1.876009192,1.909509357,1.574507715,20.368099800000003,4.2880210110000005,26.23062853,0.863916349,8.045157869,9860,1.632576169,0.0600255427809987,0.7765006384313279,0.0715197956409777,32188
62,62,62,花园镇,郫都区,23.2341,878.4071687999999,102.9951666,664.1531198,111.2588824,831.7085662999999,0.0,0.215200933,0.8177635459999999,0.172160746,2.840652317,1.893768211,4.906581275,0.912139843,8.045157869,9860,0.976807133,0.0350877191981294,0.5789473683995991,0.0438596490995657,45109
63,63,63,唐元镇,郫都区,24.7499,903.9632483,105.6569926,691.3159245,106.9903313,833.9427634,0.0,0.121212611,0.565658851,0.3232336289999999,0.88889248,1.292934517,2.505060627,0.931338044,8.045157869,9860,1.315811728,0.1290322579486217,0.3548387094585076,0.0483870967806321,47708
64,64,64,德源镇,郫都区,18.4924,1710.324241,194.0797301,1340.44256,175.8019511,1316.703078,0.2163050769999999,0.108152538,1.568211806,2.163050767,10.11226233,1.94674569,14.22205879,0.8850728379999999,8.045157869,5444,1.682433803,0.1520912547852012,0.7110266157182719,0.0076045627146504,29211
65,65,65,犀浦镇,郫都区,27.3193,4514.903383,323.1781195,3968.183665,223.5415988,1841.372217,0.256229113,1.610582994,4.319290758,9.88312292,66.3633402,12.92126811,89.16773124,0.83647051,8.045157869,11892,3.935523349,0.1108374384159109,0.7442528735129451,0.0180623973673281,15556
66,66,66,安德镇,郫都区,38.3011,957.1526666,108.5869596,736.5062622,112.05944479999998,794.3374994,0.052217821,0.36552475,1.749297018,0.548287125,4.673495017,2.375910875,7.597693017,0.886621533,8.045157869,4661,1.946420667,0.0721649484617496,0.6151202748706687,0.0481099656411664,40616
67,67,67,三道堰镇,郫都区,19.1673,1009.844892,110.0311468,774.9656967999999,124.8480485,840.3374497000001,0.469549702,0.208688756,0.991271593,1.982543186,4.382463884,2.347748509,8.712755579,0.969662245,8.045157869,9055,2.135156438,0.227544910220877,0.5029940119705497,0.0239520957643978,38767
68,68,68,新民场镇,郫都区,18.2748,869.9958412999998,103.7494254,660.1987436000001,106.0476722,776.5885262999999,0.1094403219999999,0.3830411279999999,0.930242739,0.875522578,2.845448377,2.188806444,5.909777397999999,0.962664319,8.045157869,9860,1.94964872,0.1481481482358872,0.4814814815128169,0.064814814874352,33939
69,69,69,郫筒镇,郫都区,37.5889,3436.86567,340.6590775,2756.558452,339.6481408,2285.116085,0.3724503779999999,0.50546837,3.059413816,8.380133497000001,50.46702617,11.57256531,70.41972497,0.8198089590000001,8.045157869,8573,3.303329594,0.1190026445086242,0.7166603702513721,0.0071779372926454,27869
70,70,70,红光镇,郫都区,40.087,1566.268366,133.1354304,1328.186195,104.9467408,721.5805623,0.124728715,0.972883977,2.444682815,3.766807194,40.33726645,6.311272981,50.41534662,0.806581683,8.045157869,9442,3.032406556,0.0747154873771251,0.8000989610175172,0.0192973775293662,23905
71,71,71,安靖镇,郫都区,22.1604,4812.683887,367.276764,4257.639754,187.7673688,1082.02018,0.270753236,10.15324633,2.301402502,2.842908973,65.34178083,12.996155300000002,81.18084511,0.749962818,8.045157869,8380,2.489096966,0.0350194552563213,0.8048916064061901,0.1250694830318944,17723
72,72,72,弥牟镇,青白江区,23.016,1329.20577,136.6875217,1042.188043,150.3302051,1202.20716,0.0,0.56482447,1.868265554,0.130344108,4.257907543,2.042057699,6.43030935,0.882306183,8.746128091000001,7000,0.953302116,0.0202702702009196,0.6621621622294113,0.0878378378483455,38197
73,73,73,大同镇,青白江区,19.7971,1137.9444460000002,131.0292922,882.2504306,124.6647236,918.8214435,0.101024898,0.656661834,2.374085093,0.808199181,2.071010401,1.515373464,4.394583045,0.867286157,8.746128091000001,7000,2.7448800330000003,0.1839080460476313,0.471264367925945,0.1494252872857019,42018
74,74,74,龙王镇,青白江区,25.3174,819.0019512,126.9087663,602.9845087,89.10867625,769.4707987,0.0,0.157994107,0.434483794,0.078997053,1.421946961,1.026961694,2.527905709,0.915394227,8.746128091000001,7000,0.657744449,0.0312499998392938,0.5624999998763799,0.062500000074172,36286
75,75,75,清泉镇,青白江区,62.1368,490.9007223,76.60516795,352.1745568,62.12099754,444.10075830000005,0.0,0.064374091,0.949517838,0.032187045,1.223107724,0.547179771,1.80247454,0.7367584070000001,8.746128091000001,7000,1.452139892,0.0178571426590025,0.6785714288091971,0.0357142858727979,39371
76,76,76,红阳街道,青白江区,12.2679,4745.147906,549.0752288,3749.052405,447.0202724,3131.342773,0.0,0.570594804,4.972326152,8.314381434,59.58640028,18.25903374,86.15981545,0.867082701,8.746128091000001,7000,2.673080355,0.0964995269613242,0.6915799432576432,0.0066225165527556,38349
77,77,77,城厢镇,青白江区,46.003,1107.992957,139.1648371,835.7933178,133.0348021,1030.976241,0.065213138,0.152163989,0.804295372,0.434754255,2.652000956,1.565115319,4.65187053,0.926062209,8.746128091000001,7000,1.698227507,0.093457943895098,0.5700934578675817,0.0327102803095424,44386
78,78,78,福洪乡,青白江区,38.0149,612.0757913,97.0672026,447.1404633,67.86812539,592.1625468,0.0,0.026305475,0.7102478240000001,0.026305475,0.289360225,0.657636874,0.973302573,0.646025035,8.746128091000001,7000,1.53832425,0.0270270270825637,0.2972972979082015,0.0270270270825637,34030
79,79,79,大弯街道,青白江区,16.7047,4414.865277,527.3366178,3454.536747,432.9919125,3032.020928,0.419043742,0.8979508759999999,5.267978473,8.321011452,69.5612612,13.64885332,91.53112597,0.8220961840000001,8.746128091000001,7000,2.755629445,0.0909090909110773,0.7599738390938097,0.0098103335502975,36959
80,80,80,姚渡镇,青白江区,23.5349,702.4461544,86.42484141,537.2446877,78.77662535,660.0410454,0.042490089,0.084980178,0.807311695,0.084980178,1.402172943,0.977272051,2.464425173,0.8340067840000001,8.746128091000001,7000,1.344594765,0.0344827584667753,0.5689655171364377,0.0344827584667753,44330
81,81,81,人和乡,青白江区,60.2634,203.5729813,33.187639600000004,139.38808630000003,30.99725538,195.2760714,0.0,0.0,0.680346612,0.0,0.182532018,0.398251675,0.580783693,0.64176647,8.746128091000001,7000,0.503228047,0.0,0.3142857146300766,0.0,46457
82,82,82,祥福镇,青白江区,44.867,945.7284864,129.5161254,708.3379767000001,107.8743843,887.7125727,0.0,0.267457151,0.891523837,0.022288096,1.939064346,1.158980988,3.12033343,0.861735881,8.746128091000001,7000,1.152382401,0.0071428571657484,0.6214285714972454,0.085714285668503,38731
83,83,83,黄田坝街道,青羊区,5.92319,11063.80177,1146.848235,8229.687044,1687.2664899999995,7835.473790000001,0.506483837,1.350623566,1.857107403,7.259601667,44.06409384,10.63616058,61.95985609,0.867560165,14.06849109,18520,1.660935569,0.1171662125304978,0.7111716621161054,0.0217983651227037,12760
84,84,84,东坡街道,青羊区,2.71062,20445.87585,2853.590691,16137.63641,1454.648752,10756.57968,2.213515727,0.0,12.54325579,53.49329674,258.9813401,53.12437745,365.5990142,0.8402523040000001,14.06849109,22199,2.876440683,0.146316851693524,0.7083753786007884,0.0,8581
85,85,85,草市街街道,青羊区,0.912281,45184.54292,2919.056738,37621.08385,4644.402328,24230.47285,2.192306976,0.0,12.05768837,54.80767439,782.6535903,111.8076558,949.2689204,0.661628345,14.06849109,16039,8.829133263,0.0577367205563891,0.8244803695566141,0.0,3426
86,86,86,文家街道,青羊区,25.7255,2436.143126,224.329945,2045.674525,166.1386562,986.4531302,0.310975491,2.643291676,2.837651358,2.954267167,24.17834444,7.191308235,34.32391985,0.918183949,14.06849109,17708,3.477085458,0.0860702151709516,0.7044167608379961,0.0770101925290447,17127
87,87,87,光华街道,青羊区,3.26194,24453.23948,2323.463951,20112.57105,2017.204486,10760.77426,1.839396188,0.306566031,8.583848875,51.19652722,324.3468611,51.80965928,427.3530476,0.7050964,14.06849109,17027,5.433597194,0.1197991391602749,0.7589670014558708,0.0007173601141296,6269
88,88,88,汪家拐街道,青羊区,2.25898,26078.58414,1907.055397,20561.93503,3609.59371,18233.4505,3.098743681,1.3280330059999998,8.410875705,40.72634552,451.0885444,114.6535162,606.4684061,0.705296059,14.06849109,20365,8.857067066,0.0671532846729771,0.7437956204525193,0.0021897810218015,1596
89,89,89,新华西路街道,青羊区,1.19869,44808.082160000005,2353.402464,39704.17706,2750.502632,31833.91869,2.502732149,0.83424405,7.508196448,28.36429769,347.8797687,77.58469663,453.8287631,0.701671443,14.06849109,20729,7.168167542000001,0.0624999999917369,0.7665441174854437,0.0018382352945226,3197
90,90,90,苏坡街道,青羊区,12.2519,6061.753686999999,706.8291449,5035.219027,319.7055151,1813.188159,0.489719962,1.224299905,6.447979497,14.1202589,46.1152964,14.93645883,75.17201414,0.89300831,14.06849109,17291,4.859448531,0.1878393051129706,0.6134636264250561,0.0162866449569898,10856
91,91,91,西御河街道,青羊区,1.30971,24866.57352,1901.184232,19725.74081,3239.648472,14632.246830000002,0.7635278040000001,0.0,8.398805843,18.32466729,637.5457162,156.5231998,812.3935832999999,0.598973356,14.06849109,20164,6.771838709,0.0225563909743894,0.7847744360685918,0.0,1655
92,92,92,草堂街道,青羊区,3.04244,16531.13948,1327.881569,12794.99349,2408.264419,10235.86332,2.95815201,0.98605067,9.531823142,56.53357174,286.9407449,75.92590158,419.4002182,0.777198449,14.06849109,21867,4.039098673,0.1347962382629013,0.684169279003966,0.0023510971792813,4785
93,93,93,太升路街道,青羊区,1.40174,41972.12036,3015.537832,33890.7358,5065.846732999999,22977.87036,0.713399061,1.426798122,12.8411831,67.77291081,955.2413429,130.55202820000002,1153.566282,0.580989099,14.06849109,14402,7.130589325,0.058750773031003,0.828076685150546,0.0012368583793263,2889
94,94,94,金沙街道,青羊区,3.5464800000000003,8769.258532,986.6120773,7216.169272,566.477183,3542.949629,0.281969728,0.281969728,12.68863775,43.7053078,208.6575985,37.50197379,289.86488010000005,0.728778892,14.06849109,21304,6.173643362000001,0.1507782101264636,0.7198443579229589,0.0009727626468674,7829
95,95,95,府南街道,青羊区,2.86135,36697.71262,3694.409981,29309.24214,3694.060496,20122.66937,2.096912297,0.698970766,11.88250301,77.58575498,499.414612,78.28472574,655.2850927000001,0.69253972,14.06849109,14703,7.095027331,0.1184000000065925,0.7621333333591338,0.0010666666673584,5563
96,96,96,少城街道,青羊区,1.43086,41120.02572,3717.344814,32092.58767,5310.093231,27811.24638,0.698880394,0.698880394,9.085445117,78.97348448,882.6859370999999,174.021218,1135.68064,0.6014671770000001,14.06849109,22555,8.906719655,0.0695384615167869,0.7772307689422265,0.00061538461552,2464
97,97,97,中和街道,双流区,15.901,5341.550846,614.7412112000001,4355.763788,371.0458462,1934.595308,0.503113012,1.760895541,3.962014968,9.747814603,77.79384944,11.82315578,99.36481982,0.8255791729999999,9.021066947,14909,6.110084997,0.0981012658268613,0.7829113923914325,0.0177215189861952,16242
98,98,98,金桥镇,双流区,43.6727,859.2095291000002,100.4517696,663.3663592999999,95.39140012,757.3610057999999,0.0,0.274771196,1.076187183,0.0,1.7173199730000002,1.25936798,2.976687954,0.95534671,9.021066947,10398,1.368958289,0.0,0.576923076768026,0.0923076923903861,33612
99,99,99,黄甲镇,双流区,32.3872,820.6019662,98.21781445,664.5217864,57.86236538,555.7442446,0.0926291869999999,0.524898725,2.562740836,0.432269539,6.237031914,1.976089319,8.645390772,0.8601416390000001,9.021066947,14509,3.610230635,0.0500000000462674,0.7214285714186569,0.060714285663061,22134
100,100,100,籍田镇,双流区,46.9951,705.2862958,92.00959249,532.1405848999999,81.13611845,596.594113,0.021278814,0.191509328,0.361739841,0.0851152569999999,2.127881417,0.808594939,3.021591613,0.876540058,9.021066947,14509,0.611645574,0.028169014182394,0.7042253519122407,0.0633802818276488,45559
101,101,101,三星镇,双流区,43.647,374.0234151,52.71839989,268.7011708,52.60384448,360.8953651,0.0,0.0,0.412399478,0.0,0.160377575,0.297844067,0.458221642,0.714442393,9.021066947,14509,0.6887958190000001,0.0,0.3500000006547049,0.0,54798
102,102,102,正兴镇,双流区,47.7081,532.5510762,73.99162826,397.8988893,60.66055869,496.9596358,0.146725608,0.062882404,0.775549645,0.125764807,0.69170644,1.1109224640000002,1.928393711,0.859692131,9.021066947,15430,3.247225677,0.0652173911803428,0.3586956522697351,0.0326086958494545,29431
103,103,103,白沙镇,双流区,36.43,747.433434,100.8234971,572.1108975999999,74.49903925,696.5138622000001,0.0,0.054899808,0.576447982,0.0,0.76859731,1.152895965,1.921493275,0.86274498,9.021066947,14509,1.153372798,0.0,0.3999999999999999,0.0285714286457755,36936
104,104,104,合江镇,双流区,37.6658,421.3902267,65.52363152,299.7945085,56.07208661,393.3010848,0.0,0.07964785,0.690281369,0.0,0.398239252,0.743379936,1.141619188,0.8266036040000001,9.021066947,14509,0.648406006,0.0,0.3488372096282601,0.0697674415752724,42724
105,105,105,胜利镇,双流区,34.8727,495.9180104,64.11892397,379.6092646,52.18982184,452.9330967,0.028675726,0.057351453,0.831596062,0.487487347,1.204380504,0.974974694,2.666842544,0.862079321,9.021066947,12309,1.6542892269999998,0.182795699017467,0.4516129033225742,0.0215053765093976,27230
106,106,106,煎茶镇,双流区,59.1002,443.5179576000001,62.62246151,322.8923083,58.00318781,416.191485,0.0,0.084602083,0.558373745,0.0,0.253806248,0.507612495,0.761418743,0.8248841379999999,9.021066947,14509,2.209402363,0.0,0.3333333337711126,0.1111111116948168,52312
107,107,107,万安镇,双流区,31.4329,809.152194,103.4266644,627.7817192000001,77.94381047,627.495395,0.0636275999999999,0.159069001,1.177110607,1.018041606,2.735986816,2.322407414,6.076435836,0.908367538,9.021066947,17850,2.507081966,0.167539267010537,0.4502617800702471,0.026178010480682,41531
108,108,108,太平镇,双流区,42.1932,540.6084392999999,66.52730772,408.5492449,65.53188665,485.3625703,0.0,0.071101505,0.402908526,0.118502508,0.829517553,0.900619057,1.848639117,0.901866058,9.021066947,14509,1.085281944,0.0641025643730333,0.448717948988418,0.0384615387320076,43552
109,109,109,黄水镇,双流区,30.1473,1104.8750630000002,131.7530923,852.7131783,120.4087928,918.1916789,0.099511399,0.663409327,2.2887621780000003,0.663409327,5.904343009,1.625352851,8.193105187,0.891043639,9.021066947,11578,2.713339514,0.0809716599333585,0.720647773248221,0.0809716599333585,28387
110,110,110,九江镇,双流区,37.0296,2749.746149,301.2454901,2309.233694,139.2669648,925.4488301,0.135027113,2.619526001,2.51150431,2.51150431,37.29448873,6.02220926,45.8282023,0.833388157,9.021066947,10901,3.30105403,0.0548025928130285,0.8137890394622788,0.0571596935845768,27774
111,111,111,公兴镇,双流区,37.7822,678.8381831,91.47164538,523.1299395,64.23659819,541.2337026,0.02646749,0.21173992,1.402776969,0.2646749,3.255501268,1.588049399,5.108225567,0.841751923,9.021066947,12126,3.192518669,0.0518134715330201,0.637305699464622,0.041450777226416,27226
112,112,112,大林镇,双流区,51.9179,350.49568650000003,53.10307235,240.82252940000004,56.57008469,330.2136643,0.0,0.0,0.327440054,0.0,0.539313031,0.4237459529999999,0.963058984,0.94338068,9.021066947,14509,0.2235125869999999,0.0,0.5599999999584657,0.0,53939
113,113,113,永兴镇,双流区,36.5832,522.7536137,75.30779155,377.3863413,70.05948085,481.4778368,0.027334952,0.027334952,0.984058256,0.0,1.011393208,0.628703886,1.640097094,0.71712778,9.021066947,14509,1.357774952,0.0,0.6166666666869905,0.0166666669308786,41106
114,114,114,新兴镇,双流区,37.4683,894.3293397,122.8505163,688.2618107000001,83.21701278,770.1176727999999,0.0,0.613852243,0.693919927,0.0,4.003384194,1.975002869,5.978387063,0.986027717,9.021066947,14509,1.33323817,0.0,0.6696428571473375,0.1026785714158769,23716
115,115,115,黄龙溪镇,双流区,51.2551,456.7350371,57.789371200000005,332.72786510000003,66.21780077,412.797946,0.0,0.0195102539999999,0.643838369,0.097551268,5.755524816,0.956002427,6.809078511,0.71098424,9.021066947,31245,1.100576793,0.0143266475547912,0.8452722063201366,0.0028653295697033,43144
116,116,116,永安镇,双流区,63.1166,467.1354287,57.51260366,351.872566,57.75025904,417.1802664,0.0,0.06337477,0.8397157009999999,0.0,1.109058473,0.681278776,1.790337249,0.8468934490000001,9.021066947,14509,1.357354123,0.0,0.6194690266425886,0.0353982301576969,34040
117,117,117,兴隆镇,双流区,46.5249,547.2338467999999,71.78951486,413.4130326,62.03129937,490.21061839999993,0.021493867,0.0,0.537346668,0.0644816,0.5803344020000001,0.687803735,1.332619737,0.782345237,9.021066947,14509,2.652929208,0.0483870966410577,0.4354838712703232,0.0,31066
118,118,118,彭镇,双流区,42.0779,1048.412587,119.01734640000002,823.3062962,106.0889446,821.4288261,0.0,1.259568562,1.901235565,0.237654446,6.060188365,2.352779012,8.650621823,0.888068945,9.021066947,5851,2.59620428,0.0274725275087314,0.7005494505478627,0.1456043955881991,27563
119,119,119,东升街道,双流区,50.8394,3990.68439,506.4182504,3168.5464420000003,315.7196977,2255.770131,0.3933956729999999,0.609763294,6.609047314,9.874231403,89.57619484,12.62800112,112.0784274,0.7721477990000001,9.021066947,11481,4.626314404,0.0881010880689783,0.7992277989439385,0.005440505440211,24741
120,120,120,华阳镇街道,双流区,69.4746,2897.548169,322.3912048,2333.8457510000003,241.311213,1649.538105,0.215906245,0.41741874,3.454499918,8.794581041,40.82067403,6.3188561,55.93411117,0.81057396,9.021066947,16735,4.892638107,0.1572310859516604,0.7297992794760628,0.0074626865658299,19722
121,121,121,西航港街道,双流区,40.9829,3974.755325,315.2778354,3467.080172,192.3973169,1180.053144,0.292805048,0.585610096,4.514077823,5.294891284,37.84505245,7.930136716,51.07008045,0.8563321070000001,9.021066947,12363,4.050540183,0.1036789297636597,0.7410415671275881,0.0114667940766872,15426
122,122,122,和盛镇,温江区,28.9458,1189.084427,126.9959718,934.1251581,127.9632969,993.8920327,0.0,0.103641979,1.001872465,0.241831285,4.283868471,1.796460972,6.322160727999999,0.8744627490000001,9.920253462,5030,1.124216089,0.0382513661712145,0.6775956283470179,0.0163934425996137,33587
123,123,123,永宁镇,温江区,23.4308,985.9671885,110.3248715,781.2366628999999,94.4056541,738.6431535,0.213394336,0.341430937,1.877870154,1.49376035,7.468801748,2.432695427,11.39525752,0.947252738,9.920253462,9150,2.080258547,0.1310861424042657,0.655430711845817,0.0299625468227242,23352
124,124,124,柳城街道,温江区,3.12647,46070.80829,4420.640531,37854.51324,3795.654524,28389.84542,1.599247714,0.639699086,14.07337988,51.49577639,551.4206117000001,94.9953142,697.9117022999999,0.665774674,9.920253462,7009,7.264234667,0.073785517881837,0.7901008249077474,0.0009165902848338,24936
125,125,125,天府街道,温江区,24.2059,2145.468667,133.1493561,1923.043555,89.27575508,1173.18505,0.0,0.330497936,1.776426408,2.024299861,22.06073726,4.379097658,28.46413478,0.8592919240000001,9.920253462,8586,2.94515061,0.0711175616840583,0.7750362844508707,0.0116110304618224,30203
126,126,126,公平街道,温江区,20.5784,2329.578587,256.53112000000004,1860.300121,212.7473467,1284.74517,0.145783929,1.263460716,2.575516075,6.025735723,21.77040003,4.908058936000001,32.70419469,0.902545754,9.920253462,10758,4.220215164,0.1842496285298379,0.6656760772237196,0.0386329866237718,22367
127,127,127,寿安镇,温江区,49.123000000000005,729.5564196,82.01860636,549.7831973,97.75461596,691.162999,0.0,0.040714126,1.709993282,0.122142377,1.587850905,1.05856727,2.768560552,0.688084675,9.920253462,9909,0.928997835,0.0441176469525886,0.5735294118284469,0.014705882437929,40673
128,128,128,涌泉街道,温江区,20.2793,1160.937508,121.6018304,945.5454577,93.79021958,684.9348842999999,0.1972454669999999,0.4931136679999999,4.438023009,8.087064149,37.52595011,7.248770914,52.86178517,0.839097712,9.920253462,12091,3.593763022,0.1529850746241833,0.7098880597641383,0.0093283582159433,21070
129,129,129,永盛镇,温江区,14.0604,1080.4102300000002,105.8291372,876.4331028999999,98.1479901,739.4526472,0.0,0.782339052,0.640095588,0.213365196,4.694034309,2.347017155,7.25441666,0.897551455,9.920253462,9909,1.4345490909999998,0.0294117647220996,0.6470588234726512,0.1078431373143653,38728
130,130,130,万春镇,温江区,54.8839,1039.63093,119.9623205,804.3889009,115.2797086,841.7951347999999,0.163982516,0.182202795,1.639825158,2.623720253,12.80885651,2.6966013710000003,18.12917814,0.875982625,9.920253462,7864,2.005831142,0.1447236180668916,0.7065326630410615,0.0100502512354925,28708
131,131,131,金马镇,温江区,38.7625,619.3356982,61.14156724,497.903902,60.29022896,434.98226380000006,0.128990648,0.670751371,3.276362464,2.8893905189999995,22.16059336,5.159625927,30.2096098,0.877535277,9.920253462,8073,3.08954742,0.0956447480827772,0.7335610591037823,0.0222032451077868,30081
132,132,132,肖家河街道,武侯区,3.43237,13642.75996,1172.3677810000002,11301.22918,1169.162998,6231.55429,0.582687764,0.291343882,7.57494093,44.28427005,197.8224958,45.74098946,287.8477553,0.727596716,7.712672016,15719,10.37095238,0.1538461538595156,0.6872469635687307,0.0010121457493957,6134
133,133,133,火车南站街道,武侯区,4.11402,17594.95579,1743.0639620000002,14593.268869999998,1258.6229529999998,8577.012265000001,1.701498777,0.0,10.93820643,57.60788718,270.29523430000006,47.15582326,375.0589448,0.808646323,7.712672016,20126,10.32267271,0.1535968891788979,0.7206740115054044,0.0,6004
134,134,134,双楠街道,武侯区,1.44618,67557.28886,6588.391487,54441.35585,6527.541523,41194.73371,0.0,0.0,10.37215284,119.6254961,872.6437926000001,118.9340193,1111.203308,0.7561585999999999,7.712672016,14491,6.572502233,0.1076540136613776,0.7853142501624014,0.0,5461
135,135,135,晋阳街道,武侯区,3.87527,19467.03068,2379.963203,15375.18676,1711.880721,6987.900198,1.032186144,0.516093072,6.709209939,44.64205075,151.4733167,33.54604969,229.6614171,0.760219159,7.712672016,13427,4.588834939,0.1943820225169202,0.6595505619215305,0.0022471910106488,8488
136,136,136,玉林街道,武侯区,3.24822,24854.84358,2013.102561,19619.97648,3221.764536,12809.78505,2.462887366,0.307860921,11.39085407,60.95646231,464.2542685,117.9107326,643.1214633999999,0.707249247,7.712672016,16956,10.03054937,0.0947821924457948,0.7218764959975367,0.0004786979420223,3375
137,137,137,红牌楼街道,武侯区,7.43705,14222.03696,1624.837805,11746.59307,850.6060871,5697.285886,1.210157253,0.806771502,14.92527279,71.53373986,371.114891,59.56662924,502.2152601,0.7229232179999999,7.712672016,17224,8.033411044,0.1424364123180095,0.7389558232979707,0.0016064257024753,7406
138,138,138,机投桥街道,武侯区,7.586489999999999,13615.91461,1754.566341,11350.30825,511.0400198,2461.480869,0.263626526,2.636265256,6.986102927999999,12.25863344,211.8239133,31.76699633,255.8495431,0.6972240470000001,7.712672016,13215,5.631269382,0.0479134466744334,0.8279237505505633,0.010303967027096,11608
139,139,139,跳伞塔街道,武侯区,2.41626,28619.850510000004,2464.552656,22932.96251,3222.335345,16361.64982,2.069313733,0.827725493,7.035666691,57.52692177,365.4408052,99.32705917,522.2947862,0.7197188959999999,7.712672016,19525,4.901466436000001,0.1101426307326213,0.6996830427100288,0.0015847860535277,5235
140,140,140,石羊街道,武侯区,15.8946,5360.059391,569.4386772999999,4475.608068,315.01264580000003,2528.342959,1.321203428,0.0,6.606017138,9.688825136,35.04334806,8.367621708,53.0997949,0.964042912,7.712672016,22967,10.57070364,0.1824644549804089,0.6599526067095977,0.0,10378
141,141,141,浆洗街街道,武侯区,2.90035,21653.93832,1559.122175,17751.65066,2343.16548,13499.40524,2.413501819,0.689571948,7.930077403999999,39.65038702,428.22417980000006,103.0910063,570.9655731,0.6871379390000001,7.712672016,15630,6.084306166,0.0694444444429849,0.7499999999562146,0.001207729468269,3869
142,142,142,金花桥街道,武侯区,12.5707,9155.973812,838.6167835,8042.750204999999,274.6068238,1593.308249,0.397750324,10.42105849,5.648054602999999,4.454803631,212.71687340000005,22.75131854,239.9229955,0.694304825,7.712672016,14212,3.78177896,0.0185676392615729,0.8866047748224285,0.0434350132561595,15627
143,143,143,望江路街道,武侯区,2.33394,39695.5363,2777.706368,33093.39572,3824.434219,25070.05321,2.142300145,0.4284600289999999,16.281481099999997,119.1118881,601.9863407,131.1087689,852.2069976,0.7062302359999999,7.712672016,18054,10.28590542,0.1397687280618968,0.7063851181641599,0.0005027652086953,3899
144,144,144,华兴街道,武侯区,11.2703,4183.917021,428.382563,3624.127131,131.4073272,788.3552346,0.177457565,7.453217748999999,3.371693744,5.234998181,120.2275006,11.62347054,137.08596930000002,0.727023028,7.712672016,10024,2.657735775,0.0381877022698339,0.8770226538420806,0.05436893204358,13260
145,145,145,簇锦街道,武侯区,8.1065,9578.363042,1045.457349,8077.962129,454.9435638000001,2173.441066,0.0,0.616788996,8.018256954,20.60075248,210.4484056,17.516807500000002,248.5659656,0.6981778000000001,7.712672016,17767,7.142300879,0.0828784118946974,0.8466501240103805,0.0024813895760474,12218
146,146,146,芳草街道,武侯区,3.45795,27986.813,2846.195,22211.71503,2928.902963,17953.70089,2.024320768,0.0,11.85673593,98.03496291,505.5018147,66.51339667,670.0501742,0.7434895229999999,7.712672016,15629,8.608816508,0.1463098834755888,0.7544238240121929,0.0,6159
147,147,147,簇桥街道,武侯区,9.07796,9250.31615,890.5084402000001,7949.47323,410.3344804,1787.2958239999998,0.44062763,5.28753156,6.60941445,15.75243777,197.731649,29.85252193,243.3366087,0.7666167070000001,7.712672016,16999,3.10096075,0.0647351742680878,0.8125848800817944,0.0217292892682612,15375
148,148,148,桂溪街道,武侯区,24.5939,2565.514213,250.9971985,2178.914284,135.60273080000002,968.0042612,0.528586357,0.121981467,7.806813885,11.46625789,58.3071412,10.08380127,79.85720036,0.80985477,7.712672016,20824,9.782247922,0.1435845213494785,0.7301425661950167,0.0015274949090389,12013
149,149,149,三河街道,新都区,27.0411,1527.19379,191.1534664,1217.775904,118.2644197,1005.506433,0.44376893,0.221884465,2.514690601,3.254305483,15.16210509,5.251265666,23.66767624,0.917151015,8.448587714,10890,4.112410326,0.1375,0.6406249999471855,0.0093750000105629,21668
150,150,150,新繁镇,新都区,82.3104,1259.354832,151.5361364,967.9335783,139.88511780000002,1128.970337,0.048596532,1.23921157,1.737326024,0.498114455,12.79303709,2.47842314,15.76957468,0.834645172,8.448587714,7889,1.136840466,0.0315870570454725,0.8112480741934633,0.0785824345390651,31850
151,151,151,大丰街道,新都区,20.0757,3656.011995,462.001325,2998.550486,195.4601832,1331.360799,0.498114636,4.981146361,6.824170515,9.115497841,83.58363594,14.096644199999998,106.795778,0.874947568,8.448587714,10615,4.919549997,0.0853544775992923,0.7826492536062615,0.0466417910359714,16694
152,152,152,新都镇,新都区,78.3974,3080.982277,335.4575534,2449.4434760000004,296.08124760000004,2250.788929,0.242354976,1.147997255,5.127721072,5.127721072,36.82520084,9.821754293,51.7746762,0.8859197529999999,8.448587714,9198,3.056022113,0.0990391722044222,0.7112589308670558,0.0221729490024314,29935
153,153,153,新民镇,新都区,37.9622,925.8156798,102.83914,710.7596503999999,112.2168894,910.9061119,0.0526839859999999,0.342445907,0.500497864,0.0526839859999999,1.21173167,1.3434416340000002,2.60785729,0.862468195,8.448587714,5276,0.4267268429999999,0.0202020203337123,0.4646464646077317,0.1313131314022172,30929
154,154,154,清流镇,新都区,35.1644,846.3957866000001,94.69804689,643.6623403,108.0353994,790.2879048,0.028437852,0.426567779,0.4834434829999999,0.0,0.654070594,1.365016892,2.019087486,0.8444405999999999,8.448587714,9950,1.14215752,0.0,0.3239436619439282,0.2112676057663407,41150
155,155,155,龙桥镇,新都区,23.3099,1356.462276,153.7544134,1083.573932,119.1339302,1022.65561,0.214501135,5.1480272330000005,1.801809532,0.343201816,7.593340169,5.019326552,12.95586854,0.690527062,8.448587714,5708,2.069244601,0.0264900662537905,0.5860927150932638,0.3973509932665618,27922
156,156,156,军屯镇,新都区,16.726,1101.996891,121.6070788,852.6844434000001,127.7053689,1010.223604,0.119574315,0.478297262,1.554466101,0.119574315,4.244888198,3.5872294630000003,7.951691977,0.862533199,8.448587714,9950,0.471897215,0.0150375939291744,0.533834586434962,0.0601503759682164,41311
157,157,157,石板滩镇,新都区,43.197,1132.648101,160.6361553,868.1852905999999,103.8266546,1082.991874,0.0,0.254647313,1.273236567,0.185198046,3.703960923,2.060328264,5.949487232999999,0.8982590859999999,8.448587714,5173,1.4491722969999998,0.031128404641792,0.6225680933400871,0.0428015563404437,29837
158,158,158,马家镇,新都区,24.3477,1011.307023,113.686303,785.3308526000001,112.2898672,898.6064392000001,0.0,0.821432825,0.903576108,0.205358206,2.012510422,2.423226835,4.641095463,0.877286573,8.448587714,9950,0.593105627,0.0442477875400685,0.433628318582164,0.1769911503757405,26595
159,159,159,泰兴镇,新都区,28.488000000000003,1081.648413,133.3894973,837.2999158,110.9590003,994.9803426,0.035102499,0.49143499,1.333894973,0.631844987,5.9323223810000005,2.457174951,9.02134232,0.896873041,8.448587714,7557,1.280361082,0.0700389104622736,0.6575875485678278,0.0544747081496404,28658
160,160,160,木兰镇,新都区,33.7963,1157.108914,164.0712149,891.9911351,101.0465643,1018.188382,0.0591780759999999,0.739725946,1.213150552,0.236712303,3.72821877,1.745753233,5.710684306,0.8735006909999999,8.448587714,9950,1.656148104,0.041450777230199,0.6528497409816371,0.1295336786911505,23824
161,161,161,斑竹园镇,新都区,47.364,1211.468626,131.8723081,968.2670383,111.3292796,915.5898995,0.105565408,1.879064268,2.385778228,0.5911662870000001,4.919348028,3.504771556,9.015285871,0.845776407,8.448587714,9678,2.133666127,0.0655737705336266,0.5456674473101686,0.208430913327385,23279
